+SALE|2026-05-15|Mason Jopson|Jopson@gmail.com
10234|2015|Toyota|Camry|sedan|silver|12000|15,995.00
799.75|100.0|495.0|17389.75|true|394.59
+LEASE|2026-05-15|James Clark|clark@gmail.com
10234|2015|Toyota|Camry|sedan|silver|12000|15,995.00
7997.5|1119.65|9117.15|269.17
+SALE|2026-05-15|Mason Jopson|Jopson@gmail.com
10567|2018|Honda|Civic|sedan|black|8000|18,995.00
949.75|100.0|495.0|20539.75|true|466.07
+LEASE|2026-05-15|Mason Jopson|LJ@msn.com
10234|2015|Toyota|Camry|sedan|silver|12000|15,995.00
7997.5|1119.65|9117.15|269.17
+SALE|2026-05-15|m|j
10567|2018|Honda|Civic|sedan|black|8000|18,995.00
949.75|100.0|495.0|20539.75|true|466.07
SALE|2026-05-18|Adriana Abbamonte|ablop@gmail.com
12345|2026|Volvo|XC60|SUV|White|2|70,000.00
3500.0|100.0|495.0|74095.0|false|0.0
